Adobe Premiere Rush - 動画編集アプリ - Adobe Inc.,Adobe Premiere Rush - 動画編集アプリ,Adobe Inc.,iosSoftware,写真／ビデオ
Toca Life: Neighborhood - Toca Boca AB,Toca Life: Neighborhood,Toca Boca AB,iosSoftware,教育,エンターテインメント
可愛い子猫とお友達 - Fox and Sheep GmbH,可愛い子猫とお友達,Fox and Sheep GmbH,iosSoftware,エンターテインメント,教育
SquareSynth 2 - James Navarro,SquareSynth 2,James Navarro,iosSoftware,ミュージック,ライフスタイル
Fitoons - AVOKIDDO,Fitoons,AVOKIDDO,iosSoftware,教育,ヘルスケア／フィットネス
Dr. Pandaタウン: ペットワールド - Dr. Panda Ltd,Dr. Pandaタウン: ペットワールド,Dr. Panda Ltd,iosSoftware,教育
ムビート/動画がリズムを刻んで踊り出す - CrossFader Incorporated.,ムビート/動画がリズムを刻んで踊り出す,CrossFader Incorporated.,iosSoftware,エンターテインメント,写真／ビデオ
ToDoリスト - Pocket Lists - 1312,ToDoリスト - Pocket Lists,1312,iosSoftware,仕事効率化,ライフスタイル
Linea Go - The Iconfactory,Linea Go,The Iconfactory,iosSoftware,仕事効率化,エンターテインメント
Inquire by Tamper - Tamper,Inquire by Tamper,Tamper,iosSoftware,旅行,辞書／辞典／その他
